trait_id,intitulé_trait,trait_description,élevé_description,élevé_potentialité_1,élevé_question_potentialité_1,élevé_potentialité_2,élevé_risque_1,élevé_question_risque_1,élevé_risque_2,bas_description,bas_potentialité_1,bas_question_potentialité_1,bas_potentialité_2,bas_risque_1,bas_question_risque_1,bas_risque_2,trait_gender
A1,Confiance en l'autre,la tendance à attribuer aux autres des intentions bienveillantes que l’on oppose à la suspicion que les autres sont malhonnêtes ou dangereux.,{{first_name}} accorde facilement sa confiance aux autres et part du principe que l’autre est bien intentionné. L’autre est vu comme une personne principalement franche et honnête.,Il est très naturel pour {{first_name}} de se fier à autrui ce qui facilite la collaboration avec les personnes poursuivant les mêmes intérêts,Pourriez-vous nous parler d'un moment où faire confiance à un collègue a vraiment changé le jeu pour un projet sur lequel vous travailliez ?,{{first_name}} est perçu comme quelqu'un d'ouvert et agréable,"{{first_name}} peut se fier aux autres trop facilement, se faire manipuler et faire preuve de naïveté","Pouvez-vous me donner un exemple d'une situation où vous avez fait confiance à un collègue ou à une équipe, et cela s'est avéré être une erreur ? Comment avez-vous géré cette situation ?",Croire toujours les autres peut lui faire prendre des décisions risquées,"{{first_name}} est une personne méfiante, il lui faut du temps pour accorder sa confiance. L’autre représente pour {{pronom_reflechi}} une source potentielle de danger.",{{first_name}} ne se laisse pas duper par les personnes pouvant abuser de sa confiance,"Pouvez-vous me décrire une expérience professionnelle où vous avez eu des doutes sur la fiabilité ou l'honnêteté d'un collègue ou d'un partenaire, et comment vous avez abordé cette situation ?",{{pronom_majuscule}} vérifie ce que les autres affirment et reste vigilant afin d’éviter les tromperies,"{{first_name}} adopte une attitude méfiante y compris envers les personnes qui agissent dans ses intérêts, ce qui peut nuire à certaines collaborations","Êtes-vous capable de faire facilement confiance à vos collaborateurs dans un contexte professionnel ? Si oui, pouvez-vous me décrire une expérience spécifique qui illustre cette capacité ?",{{pronom_majuscule}} peut être perçu comme quelqu'un de suspiceux et peu agréable,f
A2,Franc-parler,la tendance à adopter une attitude directe et franche dans les échanges avec les autres.,"{{first_name}} adopte une attitude très transparente, spontanée et franche dans la façon qu’{{pronom_minuscule}} a de dialoguer avec autrui.",{{first_name}} s'exprime ouvertement,Pourriez-vous décrire une situation où votre franchise a changé le cours d'un projet ou d'une réunion importante au travail ?,{{pronom_majuscule}} ne dissimule généralement pas sa pensée ; {{pronom_majuscule}} est facile de savoir ce qu'{{pronom_majuscule}} pense/de connaître son avis,{{pronom_majuscule}} peut avoir du mal à adapter son discours à la situation ou à l’interlocuteur,"Pouvez-vous me donner un exemple concret d'une situation où vous avez dû adapter votre manière de communiquer en fonction de votre interlocuteur ou du contexte professionnel, et comment avez-vous géré cela ?",{{first_name}} peut manquer de tact,{{first_name}} réfléchit aux conséquences de ses propos avant de s'exprimer. Il s'agit d'une personne qui prend en compte le contexte et adapte son discours à son interlocuteur ainsi qu'à la situation.,"{{first_name}} pèse ses mots, adapte son discours plutôt que de brusquer ses interlocuteurs",Pouvez-vous me raconter une situation où vous avez dû adapter votre communication pour éviter de heurter ou de brusquer un collègue ou un client ?Comment cela a-t-il influencé l'issue de cette situation ?,Il s'agit d'une personne qui a beaucoup de tact,Il est difficile de savoir ce que {{first_name}} pense réellement ; il peut être intéressant de le questionner précisément pour connaitre le fond de sa pensée,Pourriez-vous me raconter une situation professionnelle où il vous a été nécessaire d'exprimer une critique ou un désaccord envers quelqu'un ?,{{pronom_majuscule}} peut manquer de spontanéité et de transparence dans ses échanges avec d'autres personnes,m
A3,Dévouement,la tendance à avoir le sens du sacrifice et à se soucier des autres.,{{first_name}} est intéressé par le bien-être de son entourage ; {{pronom_minuscule}} essaie de subvenir aux besoins de chacun au sein d’un groupe.,{{first_name}} aide spontanément les autres,"Pourriez-vous me raconter un moment où, sans y être invité, vous avez pris l'initiative d'aider un collègue ou résoudre un problème au travail, et ce que cela a changé dans le déroulement des événements ?",{{first_name}} est intéressé par le bien-être de son entourage ; {{pronom_minuscule}} essaie de subvenir aux besoins de chacun au sein d’un groupe.,{{first_name}} peut se laisser affecter par les problèmes des autres,"Vous est-il déjà arrivé dans votre parcours professionnel de vous retrouver affecté(e) dans votre travail ou dans vos décisions à cause des problèmes personnels ou émotionnels d'un collègue ? Si oui, pourriez-vous partager un exemple spécifique ?",{{pronom_majuscule}}  a tendance à se sacrifier pour autrui plutôt que défendre ses intérêts,{{first_name}} est une personne qui se préoccupe avant tout de ses intérêts personnels.,{{first_name}} ne se laisse pas affecter par les problèmes des autres,"Dans votre expérience professionnelle, avez-vous déjà été dans une situation où les problèmes personnels d'un collègue affectaient particulièrement l'équipe ? Comment avez-vous géré votre implication et votre performance dans ce contexte ?",Il s'agit d'une personne qui garde en vue ses propres intérêts et objectifs ce qui lui confère une forme d'efficacité,{{first_name}} n'aide pas spontanément et peut être perçu comme une personne détachée des problèmes d'autrui,"Pouvez-vous me donner un exemple spécifique d'une situation au travail où vous avez pris l'initiative d'aider un collègue, sans y être obligé par vos responsabilités ou par une demande directe ?",{{pronom_majuscule}} peut adopter une attitude individualiste lorsque les intérêts des autres entrent en contradiction avec les siens.,m
A4,Coopération,la tendance à coopérer afin d’éviter le conflit.,{{first_name}} est une personne coopérative qui s'efface en cas de conflit au profit de la majorité.,{{first_name}} pardonne et oublie facilement les dissensions apparues en situation conflictuelle,Pouvez-vous me décrire une expérience professionnelle où vous avez dû pardonner et oublier un différend pour maintenir une collaboration productive ?,Il met de côté son opinion au profit du groupe,{{first_name}} a tendance à fuir les conflits au point de ne pas exprimer son opinion,"Pouvez-vous me donner un exemple d'une situation où vous avez dû exprimer une opinion différente ou impopulaire au travail, et comment vous avez géré les réactions de vos collègues ?",Il peut s'agir d'une personne ayant du mal à exprimer son mécontentement,{{first_name}} est une personne combative qui n'hésite pas à s’exprimer pour défendre ses intérêts.,{{first_name}} ne se laisse pas déstabiliser par une situation de conflit et peut facilement exprimer son avis et son désaccord,Pouvez-vous me décrire une situation spécifique où vous avez dû exprimer clairement votre désaccord lors d'un conflit professionnel ?,C'est une personne que la compétition stimule,"Lorsque des différents apparaissent, {{first_name}} est plutôt agressif et prend plus en compte ses intérêts et son avis que ceux des autres","Pouvez-vous me raconter une expérience professionnelle où vous étiez en désaccord avec un ou plusieurs collègues, et êtes parvenu à trouver un compromis entre vos intérêts et ceux des autres parties impliquées ?","Quand {{pronom_minuscule}} collabore avec des personnes qui évitent le conflit, ces dernières auront des difficultés à se faire entendre",f
A5,Réserve,la tendance à adopter une attitude humble dans la façon de se présenter aux autres.,{{first_name}} a une attitude modeste et parle peu de ses succès.,{{first_name}} apparaît comme une personne humble et discrète au sujet de ses réussites,Pouvez-vous me décrire une situation professionnelle où vous avez joué un rôle clé dans le succès d'un projet sans en rechercher la reconnaissance publique ?,{{pronom_majuscule}} ne s'attribue pas des mérites qui ne sont pas les siens,Les réussites de {{first_name}} peuvent passer inaperçues,"Pouvez-vous me raconter une situation où vos réussites au travail sont passées inaperçues ou n'ont pas été reconnues à leur juste valeur, et comment vous avez géré cette situation ?",Il s'agit d'une personne pouvant facilement se faire voler la vedette,{{first_name}} se comporte comme une personne ayant une très bonne image {{complement_nom}}-même et n'hésite généralement pas à se valoriser en public.,{{first_name}} sait se mettre en valeur et se présenter de manière avantageuse auprès de ses interlocuteurs,Pourriez-vous me décrire une occasion où votre capacité à vous mettre en valeur a directement contribué au succès d'un projet ou à la résolution d'un problème en milieu professionnel ?,Il est facile pour {{first_name}} de parler de ses réussites et de les mettre en avant,{{first_name}} peut paraître prétentieux ou orgueilleux,Pouvez-vous me donner un exemple où vous avez dû reconnaître et accepter une erreur ou un échec dans votre vie professionnelle ?,{{pronom_majuscule}} a tendance à dissimuler ses défauts et n’aime pas être critiqué en public,f
A6,Compassion,"la tendance à être guidé par des sentiments, en particulier ceux d’empathie, dans la formulation de jugements et d'attitudes.",{{first_name}} est facilement ému par les sentiments d'autrui et éprouve aisément de l'empathie et de la compassion.,{{first_name}} est capable de se mettre à la place de son interlocuteur et de le comprendre émotionnellement,"Pourriez-vous me raconter un moment où, en milieu professionnel, vous avez ressenti une forte connexion émotionnelle avec les difficultés ou les préoccupations d'un autre, et comment cela a-t-il modifié votre approche ou solution dans cette situation ?",Il s'agit d'une personne pouvant soutenir psychologiquement ses collègues,Il est possible que {{first_name}} prenne trop à coeur la détresse émotionnelle d'une tierce personne,"Pourriez-vous me parler d'une situation où vous avez dû soutenir un collègue ou un client en détresse émotionnelle, et me décrire comment cela a impacté votre travail ?",{{pronom_majuscule}} se laisse facilement manipuler par des stratégies faisant appel à la pitité,{{first_name}} éprouve peu d'empathie et estime que tout le monde devrait être capable de se débrouiller seul.,{{first_name}} fonde ses jugements des autres sur une approche rationnelle et factuelle,"Avez-vous déjà travaillé avec un(e) collègue particulièrement inefficace, du fait d'une détresse émotionnelle ? Si oui, comment avez-vous géré votre compassion envers cette personne et votre efficacité personnelle ?",Il n’est pas facile de manipuler {{first_name}} en faisant appel à des sentiments tels que la pitié,{{first_name}} a du mal à se mettre à la place des autres ce qui peut générer de l’incompréhension chez ses interlocuteurs,Pouvez-vous me donner un exemple concret où vous avez dû adapter votre approche ou votre communication en fonction de la perspective ou des besoins spécifiques d'un collègue ou d'un client ?,Il est difficile pour {{first_name}} de soutenir une personne en détresse émotionnelle,f
C1,Assurance,"le sentiment d'être capable, raisonnable et accompli.",{{first_name}} estime être très compétent dans son domaine d’expertise. {{pronom_majuscule}} est généralement convaincu d’être capable de relever les défis qui lui sont proposés.,{{first_name}} n'a pas besoin d'encouragements pour avoir confiance en sa capacité à réaliser une tâche,"Pourriez-vous me donner un exemple concret d'une situation professionnelle où vous avez dû entreprendre ou poursuivre une tâche difficile sans recevoir de soutien ou d'encouragements extérieurs, et comment vous avez géré cette situation ?",{{pronom_majuscule}} aborde les défis professionnels avec assurance,{{first_name}} peut avoir des difficultés à cerner les limites de ses propres compétences,"Comment réagissez-vous lorsque quelqu'un, comme un collègue ou un superviseur, vous fait remarquer une erreur ou une lacune dans votre travail ? Pouvez-vous partager un exemple spécifique ?",{{pronom_majuscule}} a tendance à se penser compétent même lorsque ce n'est pas le cas,{{first_name}} estime la plupart du temps ne pas être une personne compétente.,{{first_name}} n'est pas enclin à surestimer ses capacités,"Pouvez-vous me donner un exemple concret où vous avez reconnu et admis une limite dans vos compétences professionnelles ? Si oui, comment cela a-t-il impacté votre travail ou votre approche d'un projet ?",Il est généralement tout à fait capable d'accomplir les tâches qu'{{pronom_minuscule}}aborde avec confiance,"{{first_name}} se sous-estime, ce qui peut le conduire à aborder avec hésitation les tâches",Pourriez-vous partager avec moi un moment dans votre carrière où vous étiez si sûr de vos compétences dans une tâche donnée que cela vous a permis d'agir efficacement et de prendre des décisions sans aucune hésitation ?,{{pronom_majuscule}} a tendance à éviter certaines tâches qui entrent pourtant dans son domaine de compétences,f
C2,Organisation,la tendance à garder son environnement bien rangé et bien organisé.,{{first_name}} est une personne très organisée et ordonnée.,{{first_name}} est capable de s'organiser de manière très efficace,"Pourriez-vous me décrire comment vous avez organisé votre travail lors d'une période particulièrement chargée ou sous pression, en me donnant des exemples concrets de votre approche et de vos méthodes ?",Il s'agit d'une personne évoluant très bien dans un environnement très structuré autant temporellement que dans l'espace,{{first_name}} tolère mal le chaos et les perturbations et peut sembler rigide dans son organisation,"Pouvez-vous me donner un exemple précis d'une situation où vous avez dû faire face à un changement inattendu ou à un désordre important dans votre environnement de travail ? Si oui, comment avez-vous réagi ou géré cette situation ?",Un excès de charge de travail peut se traduire par une organisation outrancière employée pour se rassurer plus que pour atteindre l'efficacité,{{first_name}} est une personne qui estime ne pas avoir besoin d’une organisation rigoureuse.,{{first_name}} fait preuve de flexibilité et s'adapte facilement aux imprévus et changements de programme,"Pouvez-vous me donner un exemple spécifique d'une situation où vous avez dû vous adapter rapidement à un changement inattendu ou à un imprévu dans votre environnement professionnel ? Si oui, comment avez-vous géré cela ?",Il s'agit d'une personne adaptable qui tolère bien le désordre et les imprévus,"{{first_name}} peut avoir des difficultés à s'organiser, en particulier si le nombre de tâches est important",Pouvez-vous me décrire une situation professionnelle où vous avez dû gérer un grand nombre de tâches simultanément ? Comment avez-vous abordé cette organisation ?,{{pronom_majuscule}} n’apprécie pas les emploi du temps trop stricts qui contraignent son mode d’organisation flexible,f
C3,Sens du devoir,la tendance à adhérer aux obligations morales.,"{{first_name}} est une personne assidue, ponctuelle et consciencieuse dans la réalisation de tâches professionnelles mais peut verser dans l’excès de zèle dans le respect des règles et conventions.",{{first_name}} est une personne extrêmement fiable qui a à coeur d'accomplir son devoir,"Pouvez-vous me décrire une situation professionnelle où vous avez fait preuve d'une fiabilité exceptionnelle, en allant au-delà des attentes pour accomplir votre devoir ?",Il s'agit d'une personne particulièrement droite,{{first_name}} peut éprouver des difficultés à tolérer les personnes qu'{{pronom_minuscule}} juge comme manquant de rigueur morale,"Pouvez-vous me raconter une situation professionnelle où vous avez dû collaborer avec quelqu'un dont les principes éthiques ou la rigueur morale vous semblaient discutables ? Si oui, comment avez-vous géré cette collaboration ?",{{pronom_majuscule}} peut refuser catégoriquement de réaliser une tâche allant à l'encontre de ses principes moraux,{{first_name}} est une personne flexible qui adapte ses règles et principes moraux aux besoins et urgences du moment.,{{first_name}} réalise ses choix selon les informations disponibles et non en fonction d'un principe moral fixe,Pourriez-vous partager une expérience où il vous a été nécessaire de sortir du cadre habituel ou de contourner certaines règles établies pour atteindre un objectif spécifique ?,Il s'agit d'une personne qui a conscience de la complexité morale de certaines situations et qui n'adopte pas une posture droite naïve,{{first_name}} a tendance à ne pas se soumettre à l'ensemble des obligations morales,"Avez-vous déjà rencontré une situation professionnelle où une obligation morale vous a contraint à limiter vos actions ou décisions ? Si oui, pourriez-vous partager comment vous avez géré cette situation et ce que vous en avez retenu ?",{{pronom_majuscule}} n'est pas toujours fiable,m
C4,Recherche de réussite,la volonté d’atteindre l'excellence et l’accomplissement.,{{first_name}} cherche résolument la réussite et poursuit avec ambition ses objectifs.,{{first_name}} est une personne qui cherche à se dépasser,"Pouvez-vous me donner un exemple spécifique d'une situation professionnelle où vous avez clairement dépassé vos limites ou vos responsabilités habituelles, et quelles en ont été les conséquences pour vous et votre entreprise ?",{{pronom_majuscule}} est généralement motivé par une charge de trava{{pronom_majuscule}} importante,Il peut être important de modérer le travail demandé à {{first_name}} pour éviter le risque de burn-out,"Avez-vous déjà été dans une situation professionnelle où vous avez senti que vous approchiez d'un burn-out, et si oui, comment l'avez-vous identifié et géré ?",{{first_name}} est très dur avec {{pronom_reflechi}}-même et il est important pour {{pronom_reflechi}} d'apprendre à se satisfaire de petites réalisations,{{first_name}} a des ambitions plutôt modestes et ne cherche pas à tout prix à atteindre l’excellence.,{{first_name}} dispose d’un bon équilibre entre vie privée et professionnelle ; le risque de surmenage est réduit,"Lors d'une période particulièrement chargée au travail, comment gérez vous l'équilibre entre vos responsabilités professionnelles et votre vie personnelle ? Veuillez répondre en racontant une expérience vécue.",{{pronom_majuscule}} peut se satisfaire d’évolutions de carrière lentes,{{first_name}} peut manquer d’acharnement lorsque le niveau d’exigence est élevé,Pouvez-vous me raconter une expérience professionnelle où vous avez dû faire preuve d'acharnement pour répondre à des exigences très élevées ? Quel a été le résultat ?,Il peut avoir du mal à se fixer {{complement_nom}}-même des objectifs ambitieux,f
C5,Persévérance,"le niveau de persévérance ; la capacité à poursuivre une tâche malgré l'ennui, les difficultés ou les distractions.",{{first_name}} aborde les tâches de manière persévérante et s’estime capable de se couper des distractions et envies lorsqu'{{pronom_minuscule}} agit.,Il s'agit d'une personne capable de mener à bien les tâches les plus fastidieuses et/ou inintéressantes,"Quelle a été la tâche la plus répétitive et monotone que vous avez dû accomplir dans votre carrière, et comment avez-vous réussi à la mener à terme ?",{{first_name}} mène ses projets à leur terme,{{first_name}} préfère finaliser une tâche en cours ce qui peut le conduire à ne pas systématiquement prioriser la tâche la plus urgente,"Pouvez-vous me parler d'un moment dans votre carrière où il était difficile pour vous de lâcher un projet en cours, malgré la nécessité de vous consacrer à un autre projet plus urgent ? Comment avez-vous abordé cette situation ?",{{pronom_majuscule}} manque d’opportunisme ce qui l’empêche de trouver la méthode la plus adaptée à la réalisation d’une tâche fastidieuse,{{first_name}} a tendance à alterner entre ses tâches et à réaliser plusieurs d’entre elles simultanément.,{{first_name}} est capable de rapidement s'adapter à l'urgence sans rester bloqué sur la tâche en cours,"Avez-vous déjà du abandonner un projet dans lequel vous étiez fortement investi pour basculer sur un nouveau projet imposé ? Si oui, comment avez-vous géré cette transition ?",Il s'agit d'une personne qui a une grande facilité à changer de tâche,{{first_name}} peut avoir du mal à réaliser des tâches fastidieuses ou qu'{{pronom_minuscule}} juge inintéressantes,"Avez-vous déjà dû faire preuve de persévérance pour mener à bien une tâche particulièrement fastidieuse ou inintéressante pour vous ? Si oui, comment vous y êtes-vous pris ?",Il est difficile pour {{first_name}} d’aller au bout de certaines tâches,f
C6,Anticipation,"le niveau de prudence, de planification et de réflexion.",{{first_name}} est une personne extrêmement prudente et réfléchie.,{{first_name}} préfère jauger entièrement une situation avant d'agir afin de minimiser les erreurs,"Pouvez-vous partager avec moi un moment de votre carrière où vous avez vraiment pris le temps de bien peser le pour et le contre d'une situation avant de prendre une décision, et quel en a été l'impact ?",C'est une personne qui anticipe les problèmes et conséquences sur le long terme et planifie ses actions,{{first_name}} a généralement du mal à prendre des risques,"Pouvez-vous me raconter une situation où vous avez dû prendre une décision risquée dans votre vie professionnelle ? Si oui, comment vous avez géré les conséquences ?",Il s'agit d'une personne qui met du temps avant de passer à l'action,{{first_name}} est une personne qui aime être dans le feu de l’action et qui réagit spontanément aux différentes situations qui se présentent à  {{pronom_reflechi}} .,{{first_name}} est capable de prendre des décisions rapidement pour faire avancer les choses,Pouvez-vous me décrire une situation spécifique dans votre carrière où vous avez dû prendre une décision très rapide pour résoudre un problème ou surmonter un défi ?,Il s'agit d'une personne instinctive qui passe facilement à l’action,Il arrive à {{first_name}} d'agir sans réfléchir aux conséquences,"Avez-vous déjà vécu une expérience professionnelle dans laquelle il a été bénéfique de prendre le temps de réfléchir à toutes les conséquences avant d'agir ? Si oui, je vous invite à partager cette expérience.",{{first_name}} n'est pas tourné vers la planification et l'anticipation au risque de devoir faire machine arrière,f
E1,Chaleur,"la capacité à développer de l'intimité dans les relations interpersonnelles, à faire preuve d'affection, d'amabilité ; facilité à former des liens étroits.",{{first_name}} est particulièrement avenant et amical avec les autres.,{{first_name}} a tendance à mettre ses interlocuteurs à l'aise,"Pouvez-vous me donner un exemple concret d'une situation professionnelle où vous avez réussi à mettre à l'aise une personne ou un groupe initialement tendu ou réticent, et comment avez-vous procédé pour y parvenir ?",Il est facile pour {{first_name}} de nouer des relations cordiales avec les autres,{{first_name}} peut avoir du mal à faire la part des choses entre les enjeux professionnels et les enjeux affectifs,Pouvez-vous me donner un exemple de situation où gérer vos relations personnelles avec des collègues ou des clients a présenté un défi dans votre prise de décision ou votre comportement professionnel ?,Son attitude amicale peut passer pour une forme de naïveté,{{first_name}} garde de la distance entre  {{pronom_reflechi}}  et les autres.,{{first_name}} est plutôt réservé et n’adopte pas de comportements oppressants,Comment vous-y prenez-vous pour vous assurer d'éviter les comportements oppressants envers vos collègues ?,{{first_name}} garde de la distance entre  {{pronom_reflechi}} et les autres.,{{first_name}} peut donner l'impression d'être une personne froide et distante,"Pouvez-vous me raconter une situation professionnelle où vous avez su vous montrer chaleureux envers un collègue ou un client, afin de favoriser la collaboration ?",Il n'est pas évident d'apprendre à connaître {{first_name}},f
E2,Sociabilité,la préférence pour la compagnie d'autres personnes et les situations sociales.,{{first_name}} aime faire partie d'un groupe et échanger avec de nombreuses personnes.,{{first_name}} est particulièrement sociable et est à l’aise au sein de groupes,Dans quel projet ou situation professionnelle spécifique avez-vous joué un rôle clé grâce à votre aisance sociale et votre capacité à dynamiser un groupe de travail ?,{{pronom_majuscule}} apprécie le travail collectif et est particulièrement à l'aise dans un travail qui nécessite de nombreuses interactions,{{pronom_majuscule}} est nécessaire pour {{pronom_reflechi}} d'avoir des interactions fréquentes pour garder un bon niveau d‘énergie,"Avez-vous déjà rencontré des difficultés professionnelles liées à un manque d'interactions fréquentes avec vos collègues ou clients, et comment cela a-t-il affecté votre niveau d'énergie et d'engagement dans votre travail ?",{{first_name}} peut se lasser rapidement d'un travail solitaire,{{first_name}} préfère les échanges en petit comité à ceux en groupe plus élargi,"{{first_name}} aime travailler seul, ce qui peut favoriser sa concentration",Aimez-vous travailler seul ? Si oui comment est-ce que cela affecte votre concentration ? Veuillez répondre en partageant une expérience.,{{pronom_majuscule}} n’a pas besoin de nombreuses interactions pour rester productif,"Si son travail consiste principalement à interagir avec les autres, il peut demander beaucoup d’énergie à {{first_name}}","Pouvez-vous me donner un exemple concret d'une situation professionnelle où vous avez dû interagir intensément et fréquemment avec les autres, et expliquer comment cela a influencé votre niveau d'énergie ou votre motivation au travail ?",Il peut avoir tendance à éviter les stimulations sociales,f
E3,Leadership,"la tendance à dominer, à prendre le leadership, l’ascendant dans les interactions.",{{first_name}} aime décider pour les autres et guider un groupe.,{{first_name}} prend facilement la tête d'un groupe,"Pouvez-vous me raconter une situation spécifique où vous avez dû prendre spontanément le rôle de leader dans un contexte professionnel, et comment vous avez géré cette situation ?",{{pronom_majuscule}} assume des prises de décisions qui ont une incidence sur les autres,{{first_name}} a tendance à trop s'imposer et à diriger même lorsque ce n'est pas souhaitable,"Pourriez-vous me décrire une situation professionnelle où vous avez dû prendre un rôle de soutien plutôt que de leader ? Si oui, comment avez-vous géré cette expérience ?",Il s'agit d'une personne qui peut avoir du mal à être dirigée,{{first_name}} n'aime pas prendre la tête d'un groupe.,{{first_name}} est à l’aise lorsqu’il s’agit de travailler de manière indépendante et/ou pour suivre les directives d’un groupe ou de la hiérarchie,Pouvez-vous me donner un exemple concret d'une situation où vous avez suivi avec succès les directives de la hiérarchie ?,{{pronom_majuscule}} ne dicte pas aux autres ce qu’ils doivent faire,{{first_name}} peut avoir des difficultés à assumer une position de leader,Pouvez-vous me raconter une situation spécifique où vous avez dû prendre un rôle de leader dans votre parcours professionnel ? Comment avez-vous géré les défis associés à ce rôle ?,{{pronom_majuscule}} évite de prendre la responsabilité de décisions ayant des répercussions sur les autres,m
E4,Dynamisme,le niveau d’activité dans les actions quotidiennes.,{{first_name}} est une personne très dynamique et active au quotidien.,{{first_name}} aborde ses tâches avec beaucoup d'énergie et aime travailler à un rythme soutenu,"Pouvez-vous me décrire une situation professionnelle où vous avez dû gérer plusieurs tâches simultanément à un rythme soutenu, et comment vous avez maintenu votre énergie et efficacité tout au long de ce processus ?",{{pronom_majuscule}} apprécie de gérer plusieurs projets à la fois,Il est désagréable pour {{first_name}} de réaliser des tâches qui nécessitent une énergie constante et une attitude appliquée,Comment réagissez-vous face à des projets qui exigent de vous une concentration et un engagement énergétique soutenus sur plusieurs semaines ou mois ? Pourriez-vous partager une expérience concrète à ce sujet ?,{{first_name}} a généralement du mal à se concentrer sur un objectif à la fois et a tendance à se disperser,{{first_name}} a un niveau d'activité plutôt faible ; {{pronom_minuscule}} a tendance à aborder ses tâches et actions calmement et de manière posée.,{{first_name}} sait prendre le temps de réaliser une tâche sans se précipiter,Comment gérez-vous les situations où il est nécessaire de travailler lentement et méthodiquement plutôt que rapidement pour garantir la qualité du résultat ? Pouvez-vous me donner un exemple concret tiré de votre expérience professionnelle ?,{{pronom_majuscule}} ne se disperse pas dans de multiples actions,{{first_name}} a du mal à adopter un rythme soutenu,Pouvez-vous me donner un exemple précis d'une situation professionnelle où vous avez dû maintenir un rythme de travail particulièrement soutenu ? Comment avez-vous géré cette situation ?,Naviguer entre plusieurs projets peut être difficile pour {{first_name}},m
E5,Recherche de stimulations,la recherche d’excitation et de stimulation ; préférence pour la couleur et le bruit.,"{{first_name}} a besoin d'animation dans son environnement ; {{pronom_minuscule}} apprécie le bruit et les sollicitations visuelles (mouvements, couleurs) et {{pronom_minuscule}} a tendance à rechercher ces stimulations.",L'animation environnante est agréable pour {{first_name}} et les distractions fréquentes ne le fatiguent pas spécialement,"Pouvez-vous me donner un exemple de situation professionnelle où vous avez dû travailler dans un environnement animé et plein de distractions, et comment cela a influencé votre performance et votre bien-être au travail ?",{{pronom_majuscule}} a souvent une attitude divertissante,{{first_name}} s'ennuie dans des environnements trop calmes,Vous est-il déjà arrivé de vous sentir ennuyé(e) ou démobilisé(e) en raison d'un environnement de travail trop calme ou peu stimulant ?,{{pronom_majuscule}} a tendance à se déconcentrer ainsi qu’à distraire ses collègues,"{{first_name}} n'apprécie pas les environnements animés, l’excès de bruit et de sollicitations visuelles (mouvements, couleurs) et n’a pas tendance à rechercher ces stimulations.",{{first_name}} n’est pas enclin à déconcentrer ses collègues,Êtes-vous capable de passer une journée de travail complète sans solliciter l'attention de vos collègues ? Comment gérez-vous le besoin de stimulation dans ces situations ?,"{{pronom_majuscule}} préfère rester dans un environnement calme et préservé, ce qui est susceptible de favoriser sa concentration",{{first_name}} peut avoir tendance à apporter une atmosphère trop sérieuse au sein d’un groupe,Pouvez-vous me donner un exemple concret d'une situation professionnelle où vous avez dû alléger l'atmosphère sérieuse d'une réunion ou d'un projet? Comment avez-vous procédé ?,{{pronom_majuscule}} est particulièrement dérangé par les distractions environnantes qui le fatiguent facilement,f
E6,Joie,le niveau d’émotions positives ressenties et exprimées.,{{first_name}} se montre très joyeux et enthousiaste au quotidien.,{{first_name}} aborde le futur avec beaucoup d’optimisme,Pourriez-vous me décrire une situation professionnelle difficile que vous avez rencontrée et comment votre vision optimiste de l'avenir vous a aidé à la surmonter ?,Il est facile pour {{first_name}} de se sentir heureux,{{first_name}} peut oublier de prendre en compte les aspects négatifs d'une situation ce qui peut l'empêcher d'en avoir une vision objective,"Avez-vous déjà vécu une situation au travail où vous étiez initialement optimiste à propos d'un projet, mais un collègue ou un supérieur vous a fait réaliser des aspects négatifs que vous n'aviez pas envisagés ? Si oui, comment avez-vous géré cela ?",{{pronom_majuscule}} peut gêner ceux qui se sentent moins bien par son enthousiasme marqué,{{first_name}} ne montre pas ouvertement de signes de joie et a tendance à ressentir de la joie beaucoup moins souvent que la moyenne.,{{first_name}} est une personne plutôt discrète ; {{pronom_minuscule}} exprime sa joie de façon modérée,"Quand vous vivez un événement positif au travail, avez-vous tendance à partager votre joie de manière ouverte et communicative, ou bien à la garder plus discrète et mesurée ?",Le fait que {{first_name}} ne se concentre pas uniquement sur les aspects positifs d’une situation lui permet plus d’objectivité,Il est difficile pour {{first_name}} d’agir avec enthousiasme et entrain,"Parvenez-vous à transmettre votre entrain et votre enthousiasme en entreprise ? Si oui, je vous invite à  raconter une expérience spécifique de votre parcours professionnel afin de me montrer comment vous vous y prenez.",{{first_name}} donne l'impression d'être peu joyeux,f
N1,Anxiété,la tendance à ressentir de l'anxiété.,{{first_name}} vit souvent dans l'inquiétude.,"{{first_name}} anticipe la tournure négative que peuvent prendre les événements, ce qui lui permet d’y être préparé",Pouvez-vous me donner un exemple précis d'une situation professionnelle où vous avez anticipé un résultat négatif et comment vous y avez réagi pour le prévenir ou le gérer ?,{{pronom_majuscule}} ne prend jamais à la légère les risques associés au déroulement d'un projet,{{first_name}} est facilement déstabilisé par l'anxiété et la peur,Avez-vous déjà été confronté à une urgence ou à une crise imprévue au travail ? Comment avez-vous réagi ?,Il est difficile pour {{first_name}} de garder une approche optimiste dans les situations d'incertitude,{{first_name}} est une personne qui ressent très peu d'inquiétude.,{{first_name}} est une personne qui s'inquiète rarement sans raison et n'a pas d'appréhensions particulières,Pouvez-vous me raconter une situation professionnelle où vous avez dû faire face à une incertitude ou un imprévu ? Comment avez-vous géré vos inquiétudes ou appréhensions à ce moment-là ?,{{pronom_majuscule}} n'est pas préocupé par des craintes infondées,{{first_name}} a tendance à envisager les évènements futurs avec une insouciance parfois décorrélée de la réalité,Comment vous y prenez-vous pour anticiper et vous préparer à de futurs événements stressants ou à des échéances importantes dans votre vie professionnelle ? Êtes-vous du genre à prendre de l'avance ?,{{pronom_majuscule}} peut adopter une attitude laissant penser qu’{{pronom_minuscule}} n’accorde pas d‘importance au déroulé des évènements,f
N2,Colère,la tendance à ressentir de la colère et les états émotionnels proches.,"{{first_name}} ressent très souvent de la colère, de l'irritation et/ou de la rancoeur.",{{first_name}} a conscience de ce qui lui convient et de ce qui lui convient moins,Pouvez-vous me décrire une situation au travail où vous avez eu très vite conscience qu'une circonstance ou un comportement allait à l'encontre de vos principes ou de vos besoins professionnels ?,{{pronom_majuscule}} peut se servir de la colère comme un moteur de changement et/ou d'expression de son désaccord,[[S'il|Si elle]] extériorise sa colère {{first_name}} peut paraître désagréable ou être difficile à vivre,Pouvez-vous me parler d'une fois où vous avez été particulièrement frustré au travail ? Comment cela a-t'il affecté votre manière d'interagir avec vos collègues ou supérieurs ?,"[[S'il|Si elle]]  intériorise sa colère, {{first_name}} vit souvent une grande frustration qui peut nuire à sa concentration","{{first_name}} est une personne qui ressent rarement de la colère, de l’irritation et/ou de la rancoeur.",{{first_name}} ne se laisse pas gagner par la colère ; notamment en présence de ses interlocuteurs,Pouvez-vous me raconter une situation spécifique de votre expérience professionnelle où vous avez dû contenir votre colère ? Comment vous y êtes-vous pris ?,{{pronom_majuscule}} ne consomme pas son énergie à entretenir de la rancoeur et reste concentré lors de situations agaçantes,{{first_name}} ne peut pas s'appuyer sur sa colère comme moteur de changement,Pouvez-vous me décrire comment vous gérez les situations où vous êtes en désaccord avec quelqu'un au travail ?,"{{pronom_majuscule}} peut laisser certaines personnes avoir un comportement inapproprié, déplacé ou irrespectueux à son égard car {{pronom_minuscule}} ne ressent pas de colère particulière lorsque cela arrive",f
N3,Tristesse,la tendance à ressentir de la tristesse.,{{first_name}} ressent souvent de la tristesse et/ou de la déprime.,"{{first_name}} ne nie pas la tristesse de certains événements, ce qui facilite le processus du deuil","Pourriez-vous partager avec moi une expérience où vous avez vécu un moment triste ou décevant dans votre carrière, pendant lequel vous avez reconnu et géré cette tristesse sans la nier ?",{{pronom_majuscule}} est à même de comprendre la tristesse d'autres personnes lorsqu'{{pronom_majuscule}} y est confronté,{{first_name}} a tendance à se faire des reproches et à culpabiliser,Vous est-il déjà arrivé de vous sentir particulièrement responsable ou coupable d'une erreur en situation professionnelle ? Comment avez-vous géré cette situation ?,C’est une personne qui a une vision assez pessimiste des choses,"{{first_name}} est rarement triste ou déprimé, {{pronom_minuscule}} est également assez peu sensible au sentiment de culpabilité.",{{first_name}} ne se laisse pas décourager dans les moments difficiles,"Pouvez-vous me raconter une situation professionnelle où vous avez fait face à un défi majeur ou un échec, et comment vous avez géré ce moment pour ne pas vous laisser décourager ?",Il s’agit d’une personne résiliente qui prend du recul sur l’aspect négatif d’une situation,{{first_name}} a tendance à réprimer ses sentiments négatifs,"Avez-vous déjà éprouvé une forte frustration ou un mécontentement dans un contexte professionnel qui vous a poussé à en parler avec les parties concernées ? Si oui, pourriez-vous me décrire comment vous avez abordé cette communication ?",{{pronom_majuscule}} a du mal à comprendre les individus qui vivent des états de tristesse intense,f
N4,Timidité,la tendance à ressentir de la honte et de l’embarras.,{{first_name}} ressent facilement de la gêne en présence d'autres personnes.,{{first_name}} est particulièrement alerte quant aux situations pouvant nuire à l'image qu'{{pronom_minuscule}} renvoie aux autres,"Avez-vous déjà dû adapter votre comportement en milieu professionnel pour maintenir ou améliorer l'image que vous projetez auprès de vos collègues ou clients ? Si oui, pourriez-vous partager un exemple concret ?",{{pronom_majuscule}} évite les comportements socialement inacceptables,{{first_name}} est sensible aux situations gênantes et évite de se mettre en avant par crainte du ridicule,Pouvez-vous me raconter une situation professionnelle où vous vous êtes senti(e) mal à l'aise ou gêné(e) par la crainte du ridicule ? Comment avez-vous géré cette situation ?,{{pronom_majuscule}} peut être mal à l'aise au contact de nouvelles personnes,{{first_name}} n'est pas une personne timide et ressent rarement de la gêne en public.,{{first_name}} se sent l'aise en société et est rarement embarrassé,"Avez-vous déjà été mis au défi de parler publiquement ou de faire une présentation de manière complètement improvisée et inattendue ? Si oui, comment avez-vous géré cette situation ?",{{pronom_majuscule}} n'est pas perturbé si l'attention se porte sur {{pronom_reflechi}},{{first_name}} peut paraître sans-gêne auprès de certaines personnes,Avez-vous déjà été dans une situation professionnelle où il était crucial de peser vos mots avec un collègue ou un partenaire ? Comment avez-vous abordé cette communication ?,{{pronom_majuscule}} doit bien maîtriser les codes sociaux d'un groupe pour ne pas faire de faux pas,f
N5,Impulsivité,la tendance à ne pas contrôler ses pulsions et ses envies.,{{first_name}} cède facilement à ses envies du moment.,{{first_name}} apprécie facilement les plaisirs du moment,Donnez un exemple de fois où vous avez su saisir une occasion professionnelle en suivant votre envie du moment.,{{pronom_majuscule}} agit de manière instinctive et est très réactif,"{{first_name}} a du mal à se restreindre dans ses envies, ce qui peut le desservir dans la réalisation de ses objectifs",Comment gérez-vous les tentations comme l'usage du téléphone ou les interactions sociales au travail pour assurer que vous restez concentré et productif ?,Il est difficile pour {{pronom_reflechi}} de gérer la frustration,{{first_name}} résiste facilement à ses pulsions et envies.,{{first_name}} a un haut niveau de contrôle sur  {{pronom_reflechi}} -même,"Arrivez-vous à contrôler efficacement vos impulsions en contexte professionnel ? Si oui, comment vous y prenez-vous ?",{{pronom_majuscule}} ne cède pas à ses envies si cela peut lui porter préjudice par la suite,{{first_name}} peut avoir des difficultés à lâcher prise pour profiter du moment présent,Pourriez-vous me citer une situation où vous pensez avoir été excessivement prudent et où cela a entravé votre capacité à prendre des risques nécessaires ?,{{pronom_majuscule}} mène une vie qui peut sembler austère pour les autres,f
N6,Vulnérabilité au stress,le niveau de vulnérabilité au stress.,{{first_name}} est très sensible aux situations stressantes.,{{first_name}} a une conscience accrue des enjeux entourant les évènements,Pouvez-vous me raconter une situation professionnelle où votre perception des enjeux sous-jacents a conduit à une action ou une décision bénéfique pour votre entreprise ?,{{pronom_majuscule}} ne prend jamais à la légère les échéances et le stress qu'{{pronom_majuscule}} ressent peut l'aider à se dépasser,{{first_name}} appréhende de manière excessive les situations comportant un enjeu important,"Pouvez-vous me donner un exemple précis d'une situation professionnelle où vous avez ressenti une pression importante, et expliquer comment vous avez géré vos émotions et votre performance dans ce contexte ?",{{pronom_majuscule}} a des difficultés à faire face à des situations où la pression est forte ; {{pronom_majuscule}} est préférable de l'aider à relativiser plutôt qu'à prendre conscience des enjeux d'un évènement donné,{{first_name}} reste serein dans les situations fortement stressantes.,{{first_name}} parvient à faire face aux événements stressants sans difficulté,Pouvez-vous me donner un exemple spécifique d'une situation professionnelle particulièrement stressante que vous avez réussi à gérer efficacement ?,{{pronom_majuscule}} n'appréhende pas les situations stressantes,Le stress n'est pas un facteur de dépassement de soi pour {{first_name}},Pouvez-vous me donner un exemple spécifique d'une situation professionnelle où vous avez été confronté à un stress important ? Comment cela a-t-il influencé votre performance ou votre approche du problème ?,{{pronom_majuscule}} peut paraître insensible au niveau de gravité ou d'urgence d'une situation,f
O1,Imagination,le niveau d’intérêt et d'appréciation de l'utilisation de l'imagination.,{{first_name}} est une personne qui emploie et valorise beaucoup l'imagination.,Il s'agit d'une personne imaginative qui cherche à résoudre théoriquement les problèmes,Pourriez-vous me décrire une situation professionnelle où vous avez dû faire preuve d'une imagination exceptionnelle pour théoriser une solution à un problème que personne n'avait réussi à résoudre avant vous ?,Ses idées sont généralement originales et parfois disruptives,{{first_name}} a tendance à manquer de pragmatisme dans ses idées,Pouvez-vous me donner un exemple concret d'une situation professionnelle où vous avez dû adapter une idée créative pour la rendre plus pragmatique et réalisable ?,{{pronom_majuscule}} se perd régulièrement dans ses pensées,{{first_name}} est une personne qui sollicite et valorise peu son imagination.,Il s'agit d'une personne pragmatique qui cherche principalement à résoudre concrètement les problèmes,Pouvez-vous me raconter une situation professionnelle où vous avez brillé en trouvant une solution pragmatique à un problème ?,{{first_name}} est terre à terre et ne se perd pas dans ses pensées,{{first_name}} a tendance à manquer d'imagination et de créativité dans ses idées,Pouvez-vous me raconter une expérience professionnelle dans laquelle vous avez du être particulièrement imaginatif et créatif ?,"Lorsqu’[[li|elle]] utilise son imagination, {{pronom_minuscule}} se concentre sur les aspects concrets et a tendance à être peu original",f
O2,Ouverture à l'esthétique,le niveau d’intérêt et d'appréciation de la beauté et des arts.,{{first_name}} est une personne qui apprécie tout particulièrement l'art et l’esthétique.,{{first_name}} s'intéresse à la beauté et aux arts et dispose d'une grande palette d'expression de créativité,Pouvez-vous me citer un exemple spécifique où votre intérêt pour l'art et la créativité artistique a directement influencé la manière dont vous avez mené un projet ou une tâche dans votre environnement professionnel ?,{{pronom_majuscule}} s'émeut facilement au contact de productions artistiques de qualité et les identifie donc plus aisément,Un environnement pauvre esthétiquement nuit au bien-être de {{first_name}},"Comment l'environnement de travail, en termes d'esthétique et de design, a-t-il influencé votre bien-être et votre efficacité dans vos expériences professionnelles précédentes ?","{{first_name}} est facilement distrait par des considérations esthétiques, d'un objectif concret et pragmatique",{{first_name}} est une personne qui valorise peu l'art et l’esthétique.,{{first_name}} se focalise sur l'aspect pratique et fonctionnel des solutions qu'{{pronom_minuscule}} propose ; l'esthétique n'est pas un enjeu pour  {{pronom_reflechi}},"Considérez-vous l'esthétique comme un aspect primordial dans vos projets, ou bien est-ce que vous privilégiez avant tout la fonctionnalité ?",Un environnement de travail sobre lui convient parfaitement,{{first_name}} est une personne peu curieuse de la beauté et des arts ce qui réduit sa créativité,"Pourriez-vous me parler des loisirs ou des intérêts personnels qui ont contribué à développer votre créativité, notamment dans votre vie professionnelle ?",{{pronom_majuscule}} laisse souvent de côté la forme au profit du fond dans ses projets,f
O3,Introspection,le niveau d’intérêt et d'appréciation de l'expérience des émotions.,{{first_name}} est une personne qui valorise énormément l'emploi des émotions et leur exploration.,{{first_name}} s'intéresse beaucoup à ses émotions et a donc des facilités à les ressentir et les gérer,"Pourriez-vous me décrire une situation spécifique où vous avez dû faire un effort conscient pour comprendre et gérer vos émotions, et comment cela a influencé le résultat d'un projet ou d'une interaction professionnelle ?","De même, il s'agit d'une personne plutôt à même de comprendre et gérer les états émotionnels d'autrui, y compris les plus extrêmes",{{first_name}} a tendance à se laisser submerger par l'exploration d'émotions trop fortes,"Pouvez-vous me donner un exemple spécifique d'une situation professionnelle où vous avez ressenti des émotions intenses ? Si oui, comment avez-vous géré ces émotions pour maintenir votre efficacité au travail ?",{{pronom_majuscule}} est souvent distrait de ses tâches par l’expérience de ses émotions,{{first_name}} est une personne qui valorise peu l'exploration des émotions et la compréhension de leurs subtilités.,{{first_name}} est une personne généralement d'humeur égale,Considérez-vous que vous avez généralement une humeur stable ? Comment est-ce que votre humeur affecte votre comportement et vos performances en contexte professionnel ?,{{pronom_majuscule}} ne se laisse pas submerger par l'exploration d'émotions trop fortes,{{first_name}} ne s'intéresse pas à ses émotions et peut donc avoir du mal à les ressentir et les gérer,Pourriez-vous me donner un exemple de situation professionnelle où vous avez dû gérer des émotions difficiles ? Comment avez-vous abordé cette gestion ?,"De même, {{pronom_minuscule}} s'agit d'une personne pouvant éprouver des difficultés à comprendre et gérer les états émotionnels d'autrui",f
O4,Exploration,le niveau de tolérance au changement et d'exploration de l'inconnu.,{{first_name}} apprécie beaucoup essayer de nouvelles activités.,{{first_name}} est très à l'aise dans les environnements changeants,"Pouvez-vous me donner un exemple spécifique d'une situation professionnelle où vous avez dû vous adapter rapidement à un changement important et inattendu, et comment avez-vous géré cela ?",{{pronom_majuscule}} est toujours ouvert à découvrir de nouveaux lieux et de nouvelles activités,{{first_name}} s'ennuie dans un environnement trop stable et n'apprécie pas de suivre des protocoles préétablis,"Avez-vous déjà travaillé dans un environnement de travail très stable, avec des protocoles stricts ? Si oui, comment cela vous a-t-il affecté ? Si non, comment envisageriez-vous cette situation ?",{{pronom_majuscule}} se lasse très rapidement de la routine à tel point qu'{{pronom_majuscule}} adopte {{pronom_reflechi}}-même un mode de vie instable et changeant,{{first_name}} n'apprécie pas de s'essayer à de nouvelles activités ; {{pronom_minuscule}} préfère les habitudes à l'exploration de l'inconnu ; {{pronom_minuscule}} a tendance à favoriser la continuité de l'existant.,{{first_name}} est particulièrement à l'aise dans les environnements aux processus établis et participe à leur bon fonctionnement,Comment vous épanouissez-vous dans un environnement de travail où les règles et les processus sont clairement définis et établis ?,{{pronom_majuscule}} apprécie la routine et tire sa force de la stabilité de ses habitudes,{{first_name}} est réticent aux changements et s’adapter à des environnements en perpétuelle évolution est coûteux pour  {{pronom_reflechi}},"Pourriez-vous me décrire une situation où vous avez dû vous adapter à un changement important dans votre environnement professionnel ? Si oui, comment vous avez géré cette transition ?",{{pronom_majuscule}} a tendance à rester routinier dans ses habitudes quitte à passer à côté d’opportunités,f
O5,Ouverture aux idées,le niveau d’intérêt et d’appréciation pour les idées et la résolution de problèmes.,"{{first_name}} aime les sujets théoriques, philosophiques et/ou conceptuels.",{{first_name}} est créatif intellectuellement et ouvert aux idées originales,Pouvez-vous me décrire une situation où vous avez dû faire preuve de créativité intellectuelle pour résoudre un problème complexe dans votre parcours professionnel ?,{{pronom_majuscule}} apprécie de se pencher sur des problèmes complexes,Il est difficile pour {{first_name}} de se contenter de préoccupations pragmatiques et {{pronom_minuscule}} doit être nourri par des sujets théoriques ou complexes,"Dans votre expérience professionnelle, avez-vous déjà été confronté à une situation où vous deviez vous concentrer uniquement sur des tâches pragmatiques et routinières ? Si oui, comment avez-vous géré cette situation et quels ont été vos ressentis à ce moment-là ?",{{pronom_majuscule}} peut avoir des intérêts intellectuels volatiles,"{{first_name}} n'apprécie pas les sujets théoriques, abstraits et/ou conceptuels.",{{first_name}} n'apprécie pas les débats et analyses sans fin et se concentre sur les actions concrètes,"Dans votre carrière, avez-vous tendance à privilégier les analyses et débats détaillés ou à favoriser une action rapide ? Je vous invite à illustrer votre réponse par un exemple concret tiré de votre expérience professionnelle.",Il s'agit d'une personne qui s'intéresse à un nombre de sujets intellectuels restreints et qui concentre son énergie dessus ; {{pronom_minuscule}} est susceptible d'être expert de son domaine,{{first_name}} peut avoir des réticences à aborder des sujets conceptuels,Pouvez-vous me donner un exemple concret où vous avez dû vous plonger dans un sujet conceptuel dans votre environnement professionnel ? Comment vous avez géré cette expérience ?,{{pronom_majuscule}} n'a pas particulièrement de curiosité pour les sujets intellectuels et les idées originales,f
O6,Ouverture aux croyances,"le niveau d’ouverture à différentes valeurs, idéologies et différents systèmes de pensée.",{{first_name}} trouve indispensable de remettre en question les normes et les valeurs établies.,{{first_name}} est très ouvert aux opinions différentes des siennes en termes idéologiques,"Pourriez-vous me décrire une situation professionnelle où vous avez dû collaborer étroitement avec quelqu'un dont les opinions idéologiques étaient très différentes des vôtres, et comment vous avez géré cette collaboration ?",{{pronom_majuscule}} a tendance à mener une réflexion continue sur les systèmes de valeurs auxquels {{pronom_majuscule}} adhère,{{first_name}} remet parfois trop en question les normes et les principes établis,"Avez-vous déjà été confronté à une situation professionnelle où vous avez jugé que les normes ou principes établis étaient peu optimaux ? Si oui, comment avez-vous remis en question ces normes ou principes pour améliorer la situation ?",Il se peut que {{first_name}} adopte un mode de pensée qui sera perçu comme inadapté car trop original,{{first_name}} est attaché à des normes et valeurs bien définies.,{{first_name}} a un système de valeur fixe qui lui confère une certaine stabilité,Comment vos valeurs personnelles influencent-elles vos choix et actions dans un contexte professionnel ? Pourriez-vous illustrer cela par une expérience ?,Il s’agit d’une personne conventionnelle qui accepte facilement l’autorité,Il s'agit d'une personne qui s'intéresse à un nombre de sujets intellectuels restreints et qui concentre son énergie dessus ; {{pronom_minuscule}} est susceptible d'être expert de son domaine,"Avez-vous déjà dû travailler sur un projet qui sortait de vos domaines de prédilection ? Si oui, comment avez-vous abordé ce défi ?",{{pronom_majuscule}} peut se montrer fermé lorsqu’il est confronté à des opinions qui vont à l’encontre des siennes,f
A,Agréabilité,l’agréabilité est le domaine correspondant à la sympathie apparente que l'on renvoie.,à définir,"{{first_name}} est une personne chaleureuse, attentionnée et empathique, qui cherche à aider les autres et à créer et maintenir des liens positifs et harmonieux avec son entourage",Pouvez-vous me raconter une expérience professionnelle où vous avez pris des initiatives pour aider un collègue ou améliorer l'harmonie au sein de votre équipe ?,à définir,"{{first_name}} peut avoir tendance à être trop accomodant, à éviter les conflits et à manquer d’affirmation de soi, ce qui peut l’empêcher de dire non et de protéger ses intérêts et besoins","Dans votre parcours professionnel, avez-vous déjà été confronté à une situation où dire ""oui"" aurait été la voie la plus facile, mais vous avez choisi de dire ""non"" pour des raisons éthiques, professionnelles ou personnelles? Si oui, pourriez-vous nous décrire cette expérience ?",à définir,à définir,"{{first_name}} est une personne assertive, franche et indépendante et qui peut exprimer clairement ses opinions et défendre ses propres intérêts et convictions","Pouvez-vous me donner un exemple spécifique d'une situation professionnelle où vous avez dû défendre fermement votre opinion ou un intérêt particulier face à une opposition notable ? Si oui, comment avez-vous géré cette situation ?",à définir,"{{first_name}} peut être perçu comme distant, critique, ou peu empathique, avoir tendance à entrer en conflit avec les autres, à manquer de diplomatie et à avoir du mal à maintenir des relations harmonieuses avec son entourage",Comment vous y prenez-vous pour maintenir des relations harmonieuses avec vos collègues ? Je vous invite à répondre avec un exemple issu de votre expérience professionnelle.,à définir,f
C,Conscienciosité,le domaine de la conscienciosité correspond à la tendance à agir de manière méticuleuse et déterminée.,à définir,"{{first_name}} est une personne organisée, responsable et diligente, qui est consciencieuse dans ses tâches, a un sens aigu de l’efficacité et est reconnue pour sa fiabilité et son engagement envers ses responsabilités professionnelles","Pouvez-vous me décrire une situation professionnelle spécifique où votre organisation, responsabilité et diligence ont joué un rôle clé pour surmonter un défi ou atteindre un objectif important ?",à définir,"{{first_name}} peut être perçu comme trop rigide, perfectionniste ou très contrôlant, et peut avoir du mal à déléguer ou à accepter les erreurs des autres ce qui peut entraîner un stress accru et des difficultés dans la collaboration avec les autres",Pouvez-vous me raconter une expérience professionnelle où les erreurs d'un collègue ont impacté votre travail ? Comment avez-vous géré cette situation ?,à définir,à définir,"{{first_name}} est une personne adaptable, spontanée et flexible, qui peut adopter une approche adaptative de l’organisation et la planification et se montrer plus décontractée et informelle dans la gestion de ses tâches",Pouvez-vous me donner un exemple concret d'une situation professionnelle où vous avez réussi à vous adapter rapidement et sereinement à un changement imprévu ?,à définir,"{{first_name}} peut être perçu comme négligeant, désorganisé ou manquer de rigueur dans l’accomplissement de ses tâches ce qui peut entraîner oublis, retards ou erreurs dans la réalisation de ses engagements",Pouvez-vous me donner un exemple spécifique d'une situation où vous avez dû gérer simultanément un grand nombre de tâches ? Comment vous êtes-vous organisé ?,à définir,f
E,Extraversion,"le domaine de l’extraversion correspond à une tendance à être joyeux, à aimer les rassemblements et les contacts humains et à avoir un rythme soutenu.",à définir,"{{first_name}} est un leader naturel, charismatique et sociable qui est à l’aise dans les situations sociales, aime être entouré de personnes et peut facilement établir de nouvelles relations et se faire des amis",Pourriez-vous me raconter une expérience professionnelle où votre aisance sociale et votre capacité à établir des relations ont joué un rôle clé dans le succès d'un projet ou d'une initiative d'équipe ?,à définir,"{{first_name}} peut être perçu comme trop dominant ou envahissant, avoir du mal à écouter les autres et leurs opinions et avoir tendance à être impulsif socialement et manquer de discernement","Avez-vous déjà vécu une expérience professionnelle où il était crucial d'être à l'écoute des idées de vos collègues ? Si oui, comment vous y êtes-vous pris ?",à définir,à définir,"{{first_name}} est un individu réservé, introspectif, indépendant qui apprécie la solitude, réfléchit avant d’agir et est très concentré sur ses pensées, activités, projets et intérêts personnels",Comment vous sentez-vous et quelles stratégies utilisez-vous dans un environnement de travail calme avec peu de stimulations extérieures ?,à définir,"{{first_name}} peut être perçu comme distant ou froid, avoir du mal à s’exprimer ou prendre la parole en public et avoir tendance à être réservé socialement et manquer de facilités pour se créer un réseau","Avez-vous des facilités pour créer et développer de nouvelles relations sociales ? Si oui, pouvez-vous illustrer cette capacité par un exemple ?",à définir,f
N,Émotivité,le domaine de l’émotivité correspond à la propension à ressentir des affects négatifs.,à définir,"{{first_name}} est généralement très conscient de ses émotions et peut être enclin à les exprimer de manière authentique et spontanée, ce qui peut favoriser la compréhension émotionnelle et la connexion avec les autres",Pouvez-vous me décrire une situation au travail où exprimer vos émotions a directement contribué à la résolution d'un problème ou à l'amélioration d'une dynamique d'équipe ?,à définir,"{{first_name}} est sujet aux sautes d’humeur, peut réagir de manière impulsive ou excessive face à une situation stressante ou conflictuelle et ses difficultés à gérer ses émotions peuvent entraîner des conflits interpersonnels","Pourriez-vous me donner un exemple de la façon dont vous avez géré une situation stressante ou conflictuelle au travail ? Si oui, quel en a été l'impact sur vos relations avec vos collègues ?",à définir,à définir,"{{first_name}} est une personne résiliente, stable émotionnellement et calme face aux situations stressantes, ce qui peut lui permettre de gérer les défis avec sérénité et de maintenir une attitude positive face aux difficultés","Avez-vous déjà eu à gérer vos émotions et maintenir votre calme pour surmonter une situation professionnelle particulièrement stressante ? Si oui, pouvez-vous me raconter cette expérience ?",à définir,"{{first_name}} peut être perçu comme étant insensible ou détaché émotionnellement, avoir du mal à se connecter et à exprimer ses émotions se qui peut affecter ses relations interpersonnelles et sa capacité à être empathique","Diriez-vous que vous avez une facilité à comprendre les émotions d'autrui ? Si oui, pouvez-vous me donner un exemple concret de la manière dont cette capacité a eu un impact positif dans votre environnement professionnel ?",à définir,f
O,Ouverture,le domaine de l’ouverture correspond à l’ouverture d’esprit et à la curiosité.,à définir,"{{first_name}} est une personne créative, imaginative, curieuse et ouverte à l’exploration de nouvelles idées et expériences, ce qui peut favoriser sa capacité à penser de manière originale et à s’adapter aux situations nouvelles",Pouvez-vous me raconter une situation professionnelle où vous avez dû faire preuve de créativité et d'originalité pour résoudre un problème complexe ou explorer de nouvelles opportunités ?,à définir,"{{first_name}} peut être perçu comme trop excentrique, imprévisble, original, inconstant ou peu fiable dans ses actions et engagements et avoir des difficultés à se conformer aux normes sociales ou aux attentes conventionnelles","Avez-vous déjà rencontré des difficultés à vous conformer aux normes ou attentes conventionnelles dans un environnement professionnel ? Si oui, pourriez-vous partager un exemple spécifique ?",à définir,à définir,"{{first_name}} est une personne pragmatique, traditionnelle et terre-à-terre, ce qui peut lui permettre de s’adapter facilement aux conventions sociales et normes établies et de préférer la stabilité et la prévisibilité","Pouvez-vous me donner un exemple concret d'une situation professionnelle où vous avez privilégié des méthodes traditionnelles et éprouvées pour résoudre un problème, plutôt qu'une solution plus innovante ou moins conventionnelle ? Si oui,  pouvez-vous me raconter cette expérience en expliquant pourquoi vous avez choisi cette approche ?",à définir,"{{first_name}} peut être perçu comme fermé d’esprit, peu disposé à explorer de nouvelles idées ou à remettre en question l’existant et peut avoir du mal à s’adapter au changement ainsi qu’aux situations nouvelles","Êtes-vous à l'aise avec l'idée de faire évoluer vos habitudes de travail ? Si oui, pourriez-vous me donner un exemple concret où vous avez dû le faire ?",à définir,f